rule,confidence,lift
{'pancakes'} --> {'mineral water'},0.39009287925696595,1.893654753674592
{'frozen vegetables'} --> {'mineral water'},0.38839285714285715,1.8854022191400834
{'ground beef'} --> {'spaghetti'},0.41109530583214793,2.5996752055152696
{'ground beef'} --> {'mineral water'},0.43243243243243246,2.099186565205983
{'milk'} --> {'mineral water'},0.39863325740318906,1.935112900015481
{'chocolate'} --> {'mineral water'},0.35619047619047617,1.729079981507166
{'eggs'} --> {'mineral water'},0.33675373134328357,1.6347268511809883
{'spaghetti'} --> {'mineral water'},0.37015177065767285,1.7968532556197712
